movie,year,rating,genre,imdb,votes,grosses,runtime_min
The Boys,19– ,,[''],8.7,177855.0,,60
Cobra Kai,18– ,,[''],8.7,65246.0,,30
The Babysitter: Killer Queen,2020,,[''],5.9,14359.0,,101
The Babysitter,2017,,[''],6.3,65462.0,,85
Julie and the Phantoms,20– ,,[''],8.4,2047.0,,0
Fast Times at Ridgemont High,1982,,[''],7.2,91460.0,27092880.0,90
The Office,2013,,[''],8.9,380701.0,,22
Bill & Ted Face the Music,2020,PG-13,"['Adventure', ' Comedy', ' Music']",6.3,17391.0,,91
The Duchess,20– ,,[''],6.8,2024.0,,0
Ted Lasso,20– ,,[''],8.7,8095.0,,30
Schitt's Creek,2020,,[''],8.4,42917.0,,22
Friends,2004,,[''],8.9,787486.0,,22
Hubie Halloween,2020,PG-13,"['Comedy', ' Mystery']",,,,102
Shameless,11– ,,[''],8.6,194286.0,,46
New Girl,2018,,[''],7.7,183144.0,,22
Community,2015,,[''],8.5,206616.0,,22
Knives Out,2019,PG-13,"['Comedy', ' Crime', ' Drama']",7.9,389805.0,165359751.0,130
The Big Bang Theory,2019,,[''],8.1,701637.0,,22
Freaky,2020,R,"['Comedy', ' Horror', ' Thriller']",,,,0
Modern Family,2020,,[''],8.4,340594.0,,22
Brooklyn Nine-Nine,13– ,,[''],8.4,207437.0,,22
"Love, Guaranteed",2020,,[''],5.5,7706.0,,90
Parks and Recreation,2020,,[''],8.6,204004.0,,22
Suits,2019,,[''],8.5,354174.0,,44
Girlfriends,2008,,[''],7.0,3392.0,,30
Gilmore Girls,2007,,[''],8.1,95658.0,,44
Archer,09– ,,[''],8.6,133955.0,,22
Pets United,2019,,[''],3.4,744.0,,89
Kingsman: The Golden Circle,2017,R,"['Action', ' Adventure', ' Comedy']",6.7,264076.0,100234838.0,141
Gisaengchung,2019,R,"['Comedy', ' Drama', ' Thriller']",8.6,481560.0,53367844.0,132
Once Upon a Time... in Hollywood,2019,R,"['Comedy', ' Drama']",7.6,513540.0,142502728.0,161
How I Met Your Mother,2014,,[''],8.3,585155.0,,22
Woke,20– ,,[''],6.3,1253.0,,0
Doom Patrol,19– ,,[''],8.0,30699.0,,60
PEN15,19– ,,[''],7.9,4305.0,,30
Misfits,2013,,[''],8.2,91104.0,,60
"Sister, Sister",1999,,[''],6.2,10606.0,,30
Jojo Rabbit,2019,PG-13,"['Comedy', ' Drama', ' War']",7.9,260247.0,349555.0,108
Bones,2017,,[''],7.8,136319.0,,40
It's Always Sunny in Philadelphia,05– ,,[''],8.8,185312.0,,22
Unpregnant,2020,PG-13,"['Comedy', ' Drama']",6.1,1793.0,,103
The Legend of Korra,2014,,[''],8.4,97600.0,,23
The Gentlemen,2019,R,"['Action', ' Comedy', ' Crime']",7.9,184702.0,,113
Glee,2015,,[''],6.7,134380.0,,44
This Is Us,16– ,,[''],8.7,96981.0,,45
The Simpsons,89– ,,[''],8.7,356855.0,,22
Bill & Ted's Excellent Adventure,1989,,[''],7.0,114492.0,40485039.0,90
The Peanut Butter Falcon,2019,PG-13,"['Comedy', ' Drama']",7.6,54970.0,13122642.0,97
Trolls World Tour,2020,PG,"['Animation', ' Adventure', ' Comedy']",6.1,12809.0,,90
Seinfeld,1998,,[''],8.8,247470.0,,22
The Broken Hearts Gallery,2020,PG-13,"['Comedy', ' Romance']",6.6,631.0,,108
Rick and Morty,13– ,,[''],9.2,355349.0,,23
Back to the Future,1985,,[''],8.5,1031250.0,210609762.0,116
Deadpool 2,2018,R,"['Action', ' Adventure', ' Comedy']",7.7,462871.0,324591735.0,119
Two and a Half Men,2015,,[''],7.0,236966.0,,22
Close Enough,20– ,,[''],8.0,2096.0,,23
The Goonies,1985,,[''],7.8,238516.0,61503218.0,114
South Park,97– ,,[''],8.7,323883.0,,22
Almost Famous,2000,R,"['Adventure', ' Comedy', ' Drama']",7.9,248283.0,32534850.0,122
Sex Education,19– ,,[''],8.3,143282.0,,45
The War with Grandpa,2020,PG,"['Comedy', ' Drama', ' Family']",5.4,3371.0,,94
The King of Staten Island,2020,R,"['Comedy', ' Drama']",7.1,23864.0,,136
Orange Is the New Black,2019,,[''],8.1,274588.0,,59
The Marvelous Mrs. Maisel,17– ,,[''],8.7,72941.0,,57
Jurassic World: Camp Cretaceous,20– ,,[''],7.6,1225.0,,24
Teenage Bounty Hunters,20– ,,[''],7.7,5202.0,,0
Moonbase 8,20– ,,[''],,,,0
The Golden Girls,1992,,[''],7.9,30629.0,,30
Hart of Dixie,2015,,[''],7.7,44004.0,,60
Save Yourselves!,2020,R,"['Comedy', ' Sci-Fi']",6.7,73.0,,93
Ready or Not,2019,R,"['Comedy', ' Horror', ' Mystery']",6.8,98697.0,26744177.0,95
Death in Paradise,11– ,,[''],7.8,13493.0,,60
Psych,2014,,[''],8.3,83192.0,,44
Jumanji: The Next Level,2019,PG-13,"['Action', ' Adventure', ' Comedy']",6.7,171876.0,316831246.0,123
A Million Ways to Die in the West,2014,R,"['Comedy', ' Western']",6.1,171893.0,43139300.0,116
Deadpool,2016,R,"['Action', ' Adventure', ' Comedy']",8.0,884442.0,363070709.0,108
What We Do in the Shadows,19– ,,[''],8.5,30762.0,,30
Eurovision Song Contest: The Story of Fire Saga,2020,PG-13,"['Comedy', ' Music']",6.5,64566.0,,123
L.A.'s Finest,19– ,,[''],5.8,2878.0,,60
Family Guy,99– ,,[''],8.1,299067.0,,22
The Good Place,2020,,[''],8.2,102309.0,,22
Palm Springs,2020,R,"['Comedy', ' Fantasy', ' Mystery']",7.4,48849.0,,90
The One and Only Ivan,2020,PG,"['Animation', ' Adventure', ' Comedy']",6.7,5030.0,,95
Kingsman: The Secret Service,2014,R,"['Action', ' Adventure', ' Comedy']",7.7,580874.0,128261724.0,129
Good Girls,18– ,,[''],7.9,29243.0,,43
Spies in Disguise,2019,PG,"['Animation', ' Action', ' Adventure']",6.8,29478.0,,102
Thor: Ragnarok,2017,PG-13,"['Action', ' Adventure', ' Comedy']",7.9,567175.0,315058289.0,130
BoJack Horseman,2020,,[''],8.7,103891.0,,25
Hocus Pocus,1993,PG,"['Comedy', ' Family', ' Fantasy']",6.9,91254.0,39514713.0,96
The Singapore Grip,20– ,,[''],5.3,262.0,,60
The Fresh Prince of Bel-Air,1996,,[''],7.9,117471.0,,22
Arrested Development,03– ,,[''],8.7,271485.0,,22
Scott Pilgrim vs. the World,2010,PG-13,"['Action', ' Comedy', ' Fantasy']",7.5,370210.0,31494270.0,112
Coastal Elites,cial,,[''],6.1,571.0,,0
Scrubs,2010,,[''],8.3,233241.0,,22
Not Another Teen Movie,2001,R,['Comedy'],5.7,95896.0,38252284.0,89
Why Women Kill,19– ,,[''],8.3,9193.0,,0
Charlie and the Chocolate Factory,2005,PG,"['Adventure', ' Comedy', ' Family']",6.6,418180.0,206459076.0,115
Fleabag,2019,,[''],8.7,85400.0,,27
Bad Boys for Life,2020,R,"['Action', ' Comedy', ' Crime']",6.6,114020.0,204417855.0,124
Dead to Me,19– ,,[''],8.0,49827.0,,30
Charlie's Angels,2019,PG-13,"['Action', ' Adventure', ' Comedy']",4.8,50848.0,,118
The Great,20– ,,[''],8.1,12627.0,,0
Guardians of the Galaxy,2014,PG-13,"['Action', ' Adventure', ' Comedy']",8.0,1025633.0,333176600.0,121
The Sleepover,2020,,[''],5.5,5534.0,,100
Bill & Ted's Bogus Journey,1991,,[''],6.3,66253.0,38037513.0,93
Star Trek: Lower Decks,20– ,,[''],6.0,3444.0,,0
Upload,20– ,,[''],8.0,31917.0,,30
Monk,2009,,[''],8.0,63692.0,,44
American Psycho,2000,R,"['Comedy', ' Crime', ' Drama']",7.6,475624.0,15070285.0,101
Curb Your Enthusiasm,00– ,,[''],8.7,99092.0,,28
Desperate Housewives,2012,,[''],7.5,113017.0,,45
Frasier,2004,,[''],8.0,71912.0,,22
Beetlejuice,1988,PG,"['Comedy', ' Fantasy']",7.5,252814.0,73707461.0,92
Malcolm in the Middle,2006,,[''],8.0,114432.0,,22
Mom,13– ,,[''],7.2,27333.0,,30
The Big Lebowski,1998,R,"['Comedy', ' Crime', ' Sport']",8.1,716370.0,17498804.0,117
Castle,2016,,[''],8.1,138369.0,,43
GLOW,17– ,,[''],8.0,38495.0,,35
Princess Bride,20– ,,[''],7.8,292.0,,0
Clone High,2003,,[''],8.1,5914.0,,0
The Orville,17– ,,[''],8.0,57137.0,,44
Jumanji: Welcome to the Jungle,2017,PG-13,"['Action', ' Adventure', ' Comedy']",6.9,310094.0,404515480.0,119
Harley Quinn,19– ,,[''],8.5,10656.0,,23
The Goldbergs,13– ,,[''],8.1,30274.0,,22
Bob's Burgers,11– ,,[''],8.1,62574.0,,22
Hustlers,2019,R,"['Comedy', ' Crime', ' Drama']",6.3,77886.0,80553967.0,110
Young Sheldon,17– ,,[''],7.4,31534.0,,30
Boku no hîrô akademia,16– ,,[''],8.5,29239.0,,24
Jane the Virgin,2019,,[''],7.8,36645.0,,60
Моана,2016,PG,"['Animation', ' Adventure', ' Comedy']",7.6,262333.0,248757044.0,107
In the Dark,19– ,,[''],7.4,5374.0,,42
Frozen II,2019,PG,"['Animation', ' Adventure', ' Comedy']",6.9,124783.0,477373578.0,103
She's All That,1999,PG-13,"['Comedy', ' Romance']",5.9,83142.0,63366989.0,95
Sex and the City,2004,,[''],7.1,103433.0,,30
Pitch Perfect,2012,PG-13,"['Comedy', ' Music', ' Romance']",7.2,272422.0,65001093.0,112
Irresistible,2020,R,"['Comedy', ' Drama']",6.2,7008.0,,101
Back to the Future Part II,1989,,[''],7.8,469653.0,118500000.0,108
Letterkenny,16– ,,[''],8.7,12106.0,,30
I Hate Suzie,20– ,,[''],6.6,825.0,,45
Chuck,2012,,[''],8.2,125716.0,,43
Guns Akimbo,2019,R,"['Action', ' Comedy', ' Thriller']",6.3,31964.0,,98
Monster Problems,2020,PG-13,"['Adventure', ' Comedy']",,,,0
Grace and Frankie,15– ,,[''],8.3,37157.0,,30
A.P. Bio,18– ,,[''],7.3,9082.0,,21
The O.C.,2007,,[''],7.5,79571.0,,44
Guardians of the Galaxy Vol. 2,2017,PG-13,"['Action', ' Adventure', ' Comedy']",7.6,552532.0,389813101.0,136
"Three Billboards Outside Ebbing, Missouri",2017,R,"['Comedy', ' Crime', ' Drama']",8.2,413973.0,54513740.0,115
The Personal History of David Copperfield,2019,PG,"['Comedy', ' Drama']",6.4,8047.0,,119
Two Weeks to Live,20– ,,[''],6.7,760.0,,0
The King's Man,2021,R,"['Action', ' Adventure', ' Comedy']",,,,0
Shameless,2013,,[''],8.0,14529.0,,90
Mean Girls,2004,PG-13,['Comedy'],7.0,326042.0,86058055.0,97
Good Witch,15– ,,[''],7.3,6943.0,,48
Galaxy Quest,1999,PG,"['Adventure', ' Comedy', ' Sci-Fi']",7.3,146430.0,71583916.0,102
Parenthood,2015,,[''],8.2,29933.0,,60
The Avengers,1969,,[''],8.2,6554.0,,60
Vivarium,2019,R,"['Comedy', ' Horror', ' Mystery']",5.8,30258.0,,97
Peggy Sue Got Married,1986,,[''],6.3,32242.0,41382841.0,103
The VelociPastor,2018,,[''],5.1,2975.0,,75
The Breakfast Club,1985,,[''],7.8,350212.0,45875171.0,97
The Rookie,18– ,,[''],8.1,17586.0,,43
M*A*S*H,1983,,[''],8.4,49318.0,,25
Booksmart,2019,R,['Comedy'],7.2,86026.0,22680962.0,102
Ferris Bueller's Day Off,1986,,[''],7.8,314873.0,70136369.0,103
Married with Children,1997,,[''],8.0,95032.0,,22
Hoops,20– ,,[''],6.0,2890.0,,0
A Simple Favor,2018,R,"['Comedy', ' Crime', ' Drama']",6.8,120831.0,53548586.0,117
Charlie's Angels,2000,PG-13,"['Action', ' Adventure', ' Comedy']",5.5,174069.0,125305545.0,98
Trinkets,2020,,[''],7.1,5751.0,,30
The Ranch,2020,,[''],7.5,32571.0,,30
Hunter x Hunter,2014,,[''],8.9,48524.0,,24
Green Book,2018,PG-13,"['Biography', ' Comedy', ' Drama']",8.2,345435.0,85080171.0,130
Coming 2 America,2020,,[''],,,,0
American Pie,1999,R,['Comedy'],7.0,370802.0,102561004.0,95
Cheers,1993,,[''],7.8,46837.0,,22
White Collar,2014,,[''],8.2,116082.0,,40
The Game,2015,,[''],6.7,3834.0,,21
Sex Drive,2008,R,"['Comedy', ' Romance']",6.5,82957.0,8402485.0,109
Onward,2020,PG,"['Animation', ' Adventure', ' Comedy']",7.4,79287.0,61555145.0,102
Emma.,2020,PG,"['Comedy', ' Drama', ' Romance']",6.7,20492.0,,124
Captain Fantastic,2016,R,"['Comedy', ' Drama']",7.9,182981.0,5875006.0,118
Lady Bird,2017,R,"['Comedy', ' Drama']",7.4,230559.0,48958273.0,94
American Dad!,05– ,,[''],7.3,114452.0,,22
The Mighty Ducks,1992,PG,"['Comedy', ' Drama', ' Family']",6.5,57458.0,50752337.0,104
Scoob!,2020,PG,"['Animation', ' Adventure', ' Comedy']",5.7,15349.0,,93
Se busca papá,2020,,[''],5.7,455.0,,102
Dazed and Confused,1993,R,['Comedy'],7.6,161992.0,7993039.0,102
Zombieland: Double Tap,2019,R,"['Action', ' Adventure', ' Comedy']",6.7,127850.0,26803104.0,99
Silicon Valley,2019,,[''],8.5,122423.0,,28
Good Omens,2019,,[''],8.1,54196.0,,60
Last Man Standing,11– ,,[''],7.6,28520.0,,30
Yesterday,2019,PG-13,"['Comedy', ' Fantasy', ' Music']",6.8,106444.0,73286650.0,116
Logan Lucky,2017,PG-13,"['Comedy', ' Crime', ' Drama']",7.0,125519.0,27780977.0,118
Sonic the Hedgehog,2020,PG,"['Action', ' Adventure', ' Comedy']",6.5,76244.0,146066470.0,99
Clueless,1995,PG-13,"['Comedy', ' Romance']",6.8,179051.0,56631572.0,97
Private Practice,2013,,[''],6.6,21839.0,,60
Superstore,15– ,,[''],7.8,20208.0,,22
Emily in Paris,20– ,,[''],,,,30
Modern Love,19– ,,[''],8.0,16732.0,,32
Parenthood,1989,,[''],7.0,44157.0,100047830.0,124
Toy Story 4,2019,G,"['Animation', ' Adventure', ' Comedy']",7.8,190854.0,434038008.0,100
Night School,2018,PG-13,['Comedy'],5.6,33404.0,77339130.0,111
Entourage,2011,,[''],8.4,156623.0,,28
Everybody Loves Raymond,2005,,[''],7.1,62428.0,,22
Coneheads,1993,PG,"['Comedy', ' Sci-Fi']",5.3,50090.0,21274717.0,88
30 Rock,2013,,[''],8.2,109828.0,,22
Shazam!,2019,PG-13,"['Action', ' Adventure', ' Comedy']",7.1,242555.0,140371656.0,132
Sing,2016,PG,"['Animation', ' Comedy', ' Family']",7.1,130226.0,270395425.0,108
Six Feet Under,2005,,[''],8.7,118261.0,,55
Dead Poets Society,1989,,[''],8.1,412756.0,95860116.0,128
Mamma Mia! Here We Go Again,2018,PG-13,"['Comedy', ' Musical', ' Romance']",6.6,76378.0,120634935.0,114
Big Mouth,17– ,,[''],8.0,50276.0,,30
Dolittle,2020,PG,"['Adventure', ' Comedy', ' Family']",5.6,40205.0,77047065.0,101
Coming to America,1988,,[''],7.0,160905.0,128152300.0,116
The Grand Budapest Hotel,2014,R,"['Adventure', ' Comedy', ' Crime']",8.1,689834.0,59100318.0,99
Being John Malkovich,1999,R,"['Comedy', ' Drama', ' Fantasy']",7.7,306439.0,22858926.0,113
The Ballad of Buster Scruggs,2018,R,"['Comedy', ' Drama', ' Musical']",7.3,115990.0,,133
Ratatouille,2007,G,"['Animation', ' Adventure', ' Comedy']",8.0,626478.0,206445654.0,111
My Best Friend's Wedding,1997,PG-13,"['Comedy', ' Drama', ' Romance']",6.3,126436.0,127120029.0,105
The Truman Show,1998,PG,"['Comedy', ' Drama', ' Sci-Fi']",8.1,914112.0,125618201.0,103
The School of Rock,2003,PG-13,"['Comedy', ' Music']",7.1,263327.0,81261177.0,109
Weeds,2012,,[''],7.9,101247.0,,28
The Man from U.N.C.L.E.,2015,PG-13,"['Action', ' Adventure', ' Comedy']",7.3,263701.0,45445109.0,116
La La Land,2016,PG-13,"['Comedy', ' Drama', ' Music']",8.0,490097.0,151101803.0,128
Weird Science,1985,,[''],6.6,78593.0,23834048.0,94
Free Guy,2020,,[''],,,,0
Younger,15– ,,[''],7.8,16616.0,,22
Doc Martin,04– ,,[''],8.3,11965.0,,46
10 Things I Hate About You,1999,PG-13,"['Comedy', ' Drama', ' Romance']",7.3,290891.0,38176108.0,97
The Addams Family,1991,,[''],6.9,127940.0,113502000.0,99
Marriage Story,2019,R,"['Comedy', ' Drama', ' Romance']",8.0,229697.0,2000000.0,137
Family Business,19– ,,[''],7.3,1351.0,,0
Boyz in the Wood,2019,R,"['Action', ' Comedy', ' Horror']",6.2,3086.0,,87
Hercules,1997,,[''],7.3,201112.0,99046791.0,93
Home Alone,1990,,[''],7.6,452796.0,285761243.0,103
Boy Meets World,2000,,[''],8.1,38142.0,,23
My Spy,2020,PG-13,"['Action', ' Comedy', ' Family']",6.3,17739.0,,99
The Kissing Booth,2018,,[''],6.0,62154.0,,105
Bridesmaids,2011,R,"['Comedy', ' Romance']",6.8,263581.0,169106725.0,125
The Binge,2020,,[''],5.0,1811.0,,98
Bull,16– ,,[''],7.0,14036.0,,60
That '70s Show,2006,,[''],8.1,151386.0,,22
Space Force,20– ,,[''],6.8,40014.0,,30
Crazy Rich Asians,2018,PG-13,"['Comedy', ' Drama', ' Romance']",6.9,133929.0,174532921.0,120
Barry,18– ,,[''],8.3,41612.0,,30
An American Pickle,2020,PG-13,['Comedy'],5.7,11387.0,,88
Ocean's Eight,2018,PG-13,"['Action', ' Comedy', ' Crime']",6.9,178273.0,140218711.0,110
The Politician,19– ,,[''],7.5,16838.0,,42
The French Dispatch,,R,"['Comedy', ' Drama', ' Romance']",,,,103
The Big Short,2015,R,"['Biography', ' Comedy', ' Drama']",7.8,350447.0,70259870.0,130
The Andy Griffith Show,1968,,[''],8.3,11821.0,,30
The Lost Boys,1987,,[''],7.3,121191.0,32222567.0,97
Love Actually,2003,R,"['Comedy', ' Drama', ' Romance']",7.6,416432.0,59696144.0,135
Naruto: Shippûden,2017,,[''],8.6,76215.0,,24
iZombie,2019,,[''],7.9,58982.0,,42
Full House,1995,,[''],6.7,51977.0,,22
Easy A,2010,PG-13,"['Comedy', ' Drama', ' Romance']",7.0,351247.0,58401464.0,92
Gravity Falls,2016,,[''],8.9,68100.0,,23
Hook,1991,,[''],6.8,230044.0,119654823.0,142
One Piece: Wan pîsu,99– ,,[''],8.7,62538.0,,24
Frozen,2013,PG,"['Animation', ' Adventure', ' Comedy']",7.4,561891.0,400738009.0,102
RED,2010,PG-13,"['Action', ' Comedy', ' Crime']",7.0,284964.0,90380162.0,111
Jumanji,1995,PG,"['Adventure', ' Comedy', ' Family']",7.0,300108.0,100475249.0,104
Mythic Quest: Raven's Banquet,20– ,,[''],7.6,6680.0,,0
Snatch,2000,R,"['Comedy', ' Crime']",8.3,768405.0,30328156.0,104
Due Date,2010,R,"['Comedy', ' Drama']",6.5,319909.0,100539043.0,95
Morning Glory,2010,PG-13,"['Comedy', ' Drama', ' Romance']",6.5,72545.0,31011732.0,107
Cats,2019,PG,"['Comedy', ' Drama', ' Family']",2.8,36386.0,,110
Dora and the Lost City of Gold,2019,PG,"['Adventure', ' Comedy', ' Family']",6.1,21886.0,54893567.0,102
Eureka,2012,,[''],7.9,47252.0,,60
Airplane!,1980,,[''],7.7,209442.0,83400000.0,88
A Rainy Day in New York,2019,PG-13,"['Comedy', ' Romance']",6.6,25769.0,,92
Grown Ups,2010,PG-13,['Comedy'],5.9,224727.0,162001186.0,102
Inside Out,2015,PG,"['Animation', ' Adventure', ' Comedy']",8.1,594927.0,356461711.0,95
After Life,19– ,,[''],8.4,78653.0,,30
About Time,2013,R,"['Comedy', ' Drama', ' Fantasy']",7.8,290829.0,15322921.0,123
Orígenes secretos,2020,,[''],6.1,3751.0,,96
Baywatch,2017,R,"['Action', ' Comedy', ' Crime']",5.5,156816.0,58060186.0,116
Clue,1985,,[''],7.3,79231.0,14643997.0,94
Cars,2006,,[''],7.1,359093.0,244082982.0,117
Grown Ups 2,2013,PG-13,['Comedy'],5.4,138008.0,133668525.0,101
Episodes,2017,,[''],7.8,32304.0,,30
Bad Education,2019,,[''],7.1,24987.0,,108
Legally Blonde,2001,,[''],6.3,180757.0,96520674.0,96
The Blues Brothers,1980,,[''],7.9,179417.0,57229890.0,133
D2: The Mighty Ducks,1994,PG,"['Comedy', ' Drama', ' Family']",6.1,35808.0,45610410.0,106
Zootopia,2016,PG,"['Animation', ' Adventure', ' Comedy']",8.0,422666.0,341268248.0,108
Love Life,20– ,,[''],7.4,4366.0,,0
Practical Magic,1998,PG-13,"['Comedy', ' Drama', ' Fantasy']",6.3,70746.0,46683377.0,104
Ant-Man,2015,PG-13,"['Action', ' Adventure', ' Comedy']",7.3,555625.0,180202163.0,117
Back to the Future Part III,1990,,[''],7.4,395597.0,87727583.0,118
Room 104,2020,,[''],6.1,4841.0,,30
Pineapple Express,2008,R,"['Action', ' Comedy', ' Crime']",6.9,311743.0,87341380.0,111
Scooby-Doo,2002,PG,"['Adventure', ' Comedy', ' Family']",5.1,96864.0,153288182.0,89
La vita è bella,1997,PG-13,"['Comedy', ' Drama', ' Romance']",8.6,607857.0,57598247.0,116
Jennifer's Body,2009,R,"['Comedy', ' Horror']",5.2,113286.0,16204793.0,102
Happy Days,1984,,[''],7.4,15680.0,,30
Kick-Ass,2010,R,"['Action', ' Comedy', ' Crime']",7.6,518502.0,48071303.0,117
Pitch Perfect 3,2017,PG-13,"['Comedy', ' Music']",5.8,54326.0,104897530.0,93
The IT Crowd,2013,,[''],8.5,129836.0,,25
The End of the F***ing World,2019,,[''],8.1,135986.0,,25
Adventures in Babysitting,1987,,[''],6.9,37142.0,34368475.0,102
Gilmore Girls: A Year in the Life,2016,,[''],7.7,28559.0,,90
The Mask,1994,PG-13,"['Action', ' Comedy', ' Crime']",6.9,339893.0,119938730.0,101
Californication,2014,,[''],8.3,169803.0,,28
"Love, Death & Robots",19– ,,[''],8.5,89511.0,,15
The Hangover,2009,R,['Comedy'],7.7,707279.0,277322503.0,100
Will & Grace,2020,,[''],7.2,50148.0,,22
One Day at a Time,17– ,,[''],8.2,12232.0,,30
Norsemen,16– ,,[''],7.8,13504.0,,30
A League of Their Own,1992,PG,"['Comedy', ' Drama', ' Family']",7.3,91897.0,107533928.0,128
Hackers,1995,PG-13,"['Comedy', ' Crime', ' Drama']",6.3,64549.0,7564000.0,105
The Kissing Booth 2,2020,,[''],5.9,16259.0,,134
Rita,2020,,[''],8.1,6660.0,,40
Never Been Kissed,1999,PG-13,"['Comedy', ' Drama', ' Romance']",6.1,82019.0,55474756.0,107
Finding Nemo,2003,,[''],8.1,930467.0,380843261.0,100
Ghostbusters,1984,,[''],7.8,348087.0,238632124.0,105
What We Do in the Shadows,2014,R,"['Comedy', ' Horror']",7.7,151549.0,3333000.0,86
Guest House,2020,R,['Comedy'],4.6,345.0,,84
Vice,2018,R,"['Biography', ' Comedy', ' Drama']",7.2,114160.0,47836282.0,132
Grease 2,1982,,[''],4.4,32294.0,15171476.0,115
Futurama,2013,,[''],8.4,209468.0,,22
The Descendants,2011,R,"['Comedy', ' Drama']",7.3,230430.0,82584160.0,115
Charlie's Angels: Full Throttle,2003,PG-13,"['Action', ' Adventure', ' Comedy']",4.9,119634.0,100830111.0,106
True Lies,1994,R,"['Action', ' Comedy', ' Thriller']",7.2,233312.0,146282411.0,141
Good Boys,2019,R,"['Adventure', ' Comedy']",6.7,56650.0,69056735.0,90
Hot Fuzz,2007,R,"['Action', ' Comedy', ' Mystery']",7.8,455381.0,23637265.0,121
Saved by the Bell,1992,,[''],7.0,30692.0,,30
Pretty Woman,1990,R,"['Comedy', ' Romance']",7.0,282518.0,178406268.0,119
Spenser Confidential,2020,R,"['Action', ' Comedy', ' Crime']",6.2,62268.0,,111
She-Hulk,,,[''],,,,0
The Croods: A New Age,2020,PG,"['Animation', ' Adventure', ' Comedy']",,,,0
Hot Tub Time Machine,2010,R,"['Comedy', ' Sci-Fi']",6.4,160270.0,50287556.0,101
"Crazy, Stupid, Love.",2011,PG-13,"['Comedy', ' Drama', ' Romance']",7.4,463788.0,84351197.0,118
SpongeBob SquarePants,99– ,,[''],8.1,80862.0,,23
The Favourite,2018,R,"['Biography', ' Comedy', ' Drama']",7.5,164814.0,34366783.0,119
Une fille facile,2019,,[''],5.5,3064.0,,92
The Rocky Horror Picture Show,1975,,[''],7.4,129178.0,139876417.0,100
Lost in Translation,2003,R,"['Comedy', ' Drama']",7.7,404928.0,44585453.0,102
Malèna,2000,R,"['Comedy', ' Drama', ' Romance']",7.5,88112.0,3429045.0,108
Derry Girls,18– ,,[''],8.4,17702.0,,30
A Series of Unfortunate Events,2019,,[''],7.8,52162.0,,50
Ghostbusters: Afterlife,2021,,[''],,,,0
Midnight in Paris,2011,PG-13,"['Comedy', ' Fantasy', ' Romance']",7.7,381151.0,56816662.0,96
Veep,2019,,[''],8.3,43479.0,,28
The Office,2003,,[''],8.5,95900.0,,30
Offspring,2017,,[''],8.3,3385.0,,60
Sa-rang-eui bul-sa-chak,2020,,[''],8.8,8467.0,,70
Adventure Time with Finn & Jake,2018,,[''],8.6,73953.0,,11
Valley Girl,1983,,[''],6.4,13120.0,16797122.0,99
Hagane no renkinjutsushi,2012,,[''],9.1,110096.0,,24
Nanatsu no taizai,14– ,,[''],8.1,20065.0,,24
Work It,2020,,[''],6.1,7276.0,,93
The Dead Don't Die,2019,R,"['Comedy', ' Fantasy', ' Horror']",5.5,47279.0,6563605.0,104
New Tricks,2015,,[''],7.8,4747.0,,60
Atypical,17– ,,[''],8.3,55501.0,,30
Red Shoes and the Seven Dwarfs,2019,PG,"['Animation', ' Action', ' Adventure']",6.3,1992.0,,92
The League,2015,,[''],8.2,43106.0,,22
Naruto,2007,,[''],8.3,65516.0,,24
The SpongeBob Movie: Sponge on the Run,2020,PG,"['Animation', ' Adventure', ' Comedy']",6.3,416.0,,91
The Nice Guys,2016,R,"['Action', ' Comedy', ' Crime']",7.4,271245.0,36261763.0,116
Birdman or (The Unexpected Virtue of Ignorance),2014,R,"['Comedy', ' Drama']",7.7,568152.0,42340598.0,119
One Punch Man: Wanpanman,15– ,,[''],8.8,107221.0,,24
Young Frankenstein,1974,,[''],8.0,140866.0,86300000.0,106
Haikyuu!!,2020,,[''],8.7,7516.0,,24
The Nanny,1999,,[''],6.9,36539.0,,22
Idiocracy,2006,R,"['Adventure', ' Comedy', ' Sci-Fi']",6.6,142324.0,438653.0,84
Zoey's Extraordinary Playlist,20– ,,[''],8.2,8315.0,,60
The Producers,2005,PG-13,"['Comedy', ' Crime', ' Musical']",6.3,40421.0,19377727.0,134
You're the Worst,2019,,[''],8.1,22757.0,,30
Phineas and Ferb,2015,,[''],7.9,33242.0,,15
Toy Story,1995,,[''],8.3,867133.0,191796233.0,81
Ramy,19– ,,[''],8.0,8339.0,,30
50 First Dates,2004,PG-13,"['Comedy', ' Drama', ' Romance']",6.8,321300.0,120908074.0,99
Game Night,2018,R,"['Action', ' Comedy', ' Crime']",6.9,199545.0,69179066.0,100
Roseanne,2018,,[''],7.0,38916.0,,21
Freaks and Geeks,2000,,[''],8.8,126281.0,,44
The Proposal,2009,PG-13,"['Comedy', ' Drama', ' Romance']",6.7,290201.0,163958031.0,108
The King of Queens,2007,,[''],7.3,74180.0,,22
Three's Company,1984,,[''],7.5,11834.0,,30
Staged,2020,,[''],8.6,1770.0,,22
Shrek,2001,PG,"['Animation', ' Adventure', ' Comedy']",7.8,601722.0,267665011.0,90
Dumb and Dumber,1994,,[''],7.3,348078.0,127175354.0,107
Superbad,2007,R,['Comedy'],7.6,512516.0,121463226.0,113
We're the Millers,2013,R,"['Comedy', ' Crime']",7.0,396313.0,150394119.0,110
Sword Art Online,12– ,,[''],7.6,34264.0,,24
My Cousin Vinny,1992,R,"['Comedy', ' Crime']",7.6,104502.0,52929168.0,120
Bewitched,1972,,[''],7.5,16394.0,,25
Scary Movie,2000,R,['Comedy'],6.2,228856.0,157019771.0,88
The Lobster,2015,R,"['Comedy', ' Drama', ' Romance']",7.2,211141.0,8699235.0,119
Sweet Home Alabama,2002,PG-13,"['Comedy', ' Romance']",6.2,100866.0,127223418.0,108
Men in Black,1997,PG-13,"['Action', ' Adventure', ' Comedy']",7.3,508093.0,250690539.0,98
Atlanta,16– ,,[''],8.6,48950.0,,30
Unbreakable Kimmy Schmidt,2019,,[''],7.6,61651.0,,30
Ballers,2019,,[''],7.6,37119.0,,30
The 40 Year Old Virgin,2005,R,"['Comedy', ' Romance']",7.1,388904.0,109449237.0,116
Without a Paddle,2004,PG-13,"['Adventure', ' Comedy', ' Mystery']",5.9,43832.0,58169327.0,95
Saikojiman Gwaenchanha,2020,,[''],9.0,4645.0,,70
The Wrong Missy,2020,,[''],5.7,29197.0,,90
Matilda,1996,PG,"['Comedy', ' Family', ' Fantasy']",6.9,124275.0,33084249.0,98
Santa Clarita Diet,2019,,[''],7.8,54883.0,,30
The Grand Tour,16– ,,[''],8.7,61253.0,,60
Spaceballs,1987,,[''],7.1,169200.0,38119483.0,96
The Intouchables,2011,R,"['Biography', ' Comedy', ' Drama']",8.5,739172.0,13182281.0,112
Dodgeball: A True Underdog Story,2004,PG-13,"['Comedy', ' Sport']",6.7,225994.0,114326736.0,92
Pretty in Pink,1986,,[''],6.8,73108.0,40471663.0,97
Christopher Robin,2018,PG,"['Comedy', ' Drama', ' Family']",7.3,66399.0,99215042.0,104
Marry Me,2021,PG-13,"['Comedy', ' Music', ' Romance']",,,,0
Lethal Weapon,2019,,[''],7.9,34552.0,,44
Kill Me Three Times,2014,R,"['Action', ' Comedy', ' Crime']",5.9,19836.0,23840.0,90
The Longest Yard,2005,PG-13,"['Comedy', ' Crime', ' Sport']",6.4,159788.0,158119460.0,113
He's Just Not That Into You,2009,PG-13,"['Comedy', ' Drama', ' Romance']",6.4,160015.0,93953653.0,129
8 Simple Rules... for Dating My Teenage Daughter,2005,,[''],7.0,23576.0,,30
Anomalisa,2015,R,"['Animation', ' Comedy', ' Drama']",7.3,64495.0,3759286.0,90
Beverly Hills Cop,1984,,[''],7.3,159998.0,234760478.0,105
Cat Ballou,1965,,[''],6.8,13085.0,20666667.0,97
Mulan II,ideo,,[''],5.7,21986.0,,79
A Nice Girl Like You,2020,R,"['Comedy', ' Romance']",5.1,1224.0,,94
21 Jump Street,2012,R,"['Action', ' Comedy', ' Crime']",7.2,503201.0,138447667.0,109
Instant Family,2018,PG-13,"['Comedy', ' Drama']",7.3,77682.0,67363237.0,118
Office Space,1999,R,['Comedy'],7.7,238154.0,10824921.0,89
Heathers,1989,,[''],7.2,86450.0,1108462.0,103
Jessie,2015,,[''],5.9,12192.0,,30
Saturday Night Live,75– ,,[''],8.1,41777.0,,90
Old School,2003,R,['Comedy'],7.1,212175.0,75585093.0,88
Babyteeth,2019,,[''],7.0,4767.0,,118
Victorious,2013,,[''],6.9,19340.0,,30
American Pie Presents: Girls' Rules,2020,R,['Comedy'],,,,0
Blended,2014,PG-13,"['Comedy', ' Romance']",6.5,116233.0,46294610.0,117
Crazy Ex-Girlfriend,2019,,[''],7.8,16256.0,,42
Trailer Park Boys,2018,,[''],8.4,36376.0,,30
The Girl Next Door,2004,R,"['Comedy', ' Drama', ' Romance']",6.7,198796.0,14589444.0,109
Napoleon Dynamite,2004,PG,['Comedy'],6.9,195320.0,44540956.0,96
Last Tango in Halifax,2020,,[''],8.3,4799.0,,60
Men in Black: International,2019,PG-13,"['Action', ' Adventure', ' Comedy']",5.6,104071.0,80001807.0,114
Incredibles 2,2018,PG,"['Animation', ' Action', ' Adventure']",7.6,240653.0,608581744.0,118
Zombieland,2009,R,"['Adventure', ' Comedy', ' Fantasy']",7.6,512012.0,75590286.0,88
King of the Hill,2010,,[''],7.3,44571.0,,30
Aladdin,1992,,[''],8.0,365298.0,217350219.0,90
Better Things,16– ,,[''],7.8,11645.0,,22
The Waterboy,1998,PG-13,"['Comedy', ' Sport']",6.1,146247.0,161491646.0,90
"I, Tonya",2017,R,"['Biography', ' Comedy', ' Drama']",7.5,174267.0,30014539.0,119
The Princess and the Frog,2009,,[''],7.1,121119.0,104400899.0,97
"Monsters, Inc.",2001,G,"['Animation', ' Adventure', ' Comedy']",8.0,797248.0,289916256.0,92
Last Christmas,2019,PG-13,"['Comedy', ' Drama', ' Romance']",6.5,38745.0,,103
Mamma Mia!,2008,PG-13,"['Comedy', ' Musical', ' Romance']",6.4,211223.0,144130063.0,108
Ant-Man and the Wasp,2018,PG-13,"['Action', ' Adventure', ' Comedy']",7.1,297153.0,216648740.0,118
Benidorm,2018,,[''],7.4,3698.0,,30
Future Man,2020,,[''],7.7,20381.0,,30
Nurse Jackie,2015,,[''],7.7,24288.0,,27
Silver Linings Playbook,2012,R,"['Comedy', ' Drama', ' Romance']",7.7,652232.0,132092958.0,122
Fighting with My Family,2019,PG-13,"['Biography', ' Comedy', ' Drama']",7.1,63132.0,22958886.0,108
Bunk'd,2021,,[''],5.4,2316.0,,30
Borat: Cultural Learnings of America for Make Benefit Glorious Nation of Kazakhstan,2006,R,['Comedy'],7.3,347531.0,128505958.0,84
Caddyshack,1980,,[''],7.3,103232.0,39846344.0,98
National Lampoon's Animal House,1978,,[''],7.5,110223.0,201747.0,109
Lake Placid,1999,R,"['Action', ' Comedy', ' Horror']",5.7,54155.0,31770414.0,82
Moonrise Kingdom,2012,PG-13,"['Comedy', ' Drama', ' Romance']",7.8,312470.0,45512466.0,94
13 Going on 30,2004,PG-13,"['Comedy', ' Fantasy', ' Romance']",6.2,162827.0,57231747.0,98
Girls,2017,,[''],7.3,64339.0,,28
Made in Italy,2020,R,['Comedy'],5.6,1740.0,,94
Casino Royale,1967,,[''],5.2,26685.0,,131
Tangled,2010,PG,"['Animation', ' Adventure', ' Comedy']",7.7,397161.0,200821936.0,100
The Jesus Rolls,2019,R,"['Comedy', ' Crime', ' Drama']",4.3,2281.0,,85
Descendants,ovie,,[''],6.3,15364.0,,112
The Wedding Planner,2001,PG-13,"['Comedy', ' Romance']",5.3,74865.0,60400856.0,103
Murder Mystery,2019,PG-13,"['Action', ' Comedy', ' Crime']",6.0,95963.0,,97
Insecure,16– ,,[''],7.9,11886.0,,30
The New Guy,2002,PG-13,['Comedy'],5.9,33317.0,28972187.0,88
Phineas and Ferb the Movie: Candace Against the Universe,2020,,[''],7.3,1873.0,,86
Magic Mike,2012,R,"['Comedy', ' Drama']",6.1,129658.0,113721571.0,110
Little Miss Sunshine,2006,R,"['Comedy', ' Drama']",7.8,432892.0,59891098.0,101
Jay and Silent Bob Reboot,2019,R,['Comedy'],5.7,17920.0,,105
Bring It On,2000,PG-13,"['Comedy', ' Romance', ' Sport']",6.0,86004.0,68379000.0,98
Shaun of the Dead,2004,R,"['Comedy', ' Horror']",7.9,503475.0,13542874.0,99
Fear and Loathing in Las Vegas,1998,R,"['Adventure', ' Comedy', ' Drama']",7.6,255636.0,10680275.0,118
Rifkin's Festival,2020,,[''],7.9,43.0,,92
Sleepless in Seattle,1993,PG,"['Comedy', ' Drama', ' Romance']",6.8,156877.0,126533006.0,105
Amélie,2001,R,"['Comedy', ' Romance']",8.3,692051.0,33225499.0,122
Tropic Thunder,2008,R,"['Action', ' Comedy', ' War']",7.0,372646.0,110515313.0,107
Holes,2003,PG,"['Adventure', ' Comedy', ' Drama']",7.0,76091.0,67406573.0,117
The New Legends of Monkey,18– ,,[''],6.5,3270.0,,24
Kick-Ass 2,2013,R,"['Action', ' Comedy', ' Crime']",6.5,251351.0,28795985.0,103
The Devil Wears Prada,2006,PG-13,"['Comedy', ' Drama']",6.9,363513.0,124740460.0,109
Kindergarten Cop,1990,,[''],6.1,133824.0,91457688.0,111
Adaptation.,2002,R,"['Comedy', ' Drama']",7.7,174884.0,22245861.0,115
Life in Pieces,2019,,[''],8.0,12208.0,,22
Mid90s,2018,R,"['Comedy', ' Drama']",7.4,45155.0,7362439.0,85
This Is the End,2013,R,['Comedy'],6.6,378941.0,101470202.0,107
Boston Legal,2008,,[''],8.4,41791.0,,44
Up,2009,PG,"['Animation', ' Adventure', ' Comedy']",8.2,914256.0,293004164.0,96
People Will Talk,1951,,[''],7.4,5657.0,,110
Cry-Baby,1990,PG-13,"['Comedy', ' Musical']",6.5,54014.0,8266343.0,85
The Prom,2020,PG-13,"['Comedy', ' Musical']",,,,0
Ash vs Evil Dead,2018,,[''],8.4,63118.0,,30
Fuller House,2020,,[''],6.8,24226.0,,30
EverAfter,1998,PG-13,"['Comedy', ' Drama', ' Romance']",7.0,68176.0,65705771.0,121
The Parent Trap,1998,PG,"['Adventure', ' Comedy', ' Drama']",6.5,118008.0,66308518.0,128
Toy Story 3,2010,,[''],8.3,741760.0,415004880.0,103
